relative_path,size_bytes,sha256
.gitignore,229,093115cab67dc9aaefcb728533996dba71ec0da4a755a22d7d48bb7600eb2dc9
01_msn_construction/complete_hd_hc_analysis.py,22998,a58526b0d42195eb67a85d83b2c3aace3f7b21900cced8980ef0df6c438220e5
01_msn_construction/convert_matrices.m,4014,6b14882364af4bc75bab6bc8960a4e96594039f84720815110063e8d71c1cd25
01_msn_construction/extract_HC_regional_msn.py,4951,cada03dc6990428ee4ef0ac0dc77ab87a638efce5e91bae850d5f523d6449420
01_msn_construction/extract_regional_msn.py,7817,85a2bb2d9535dc15cec5d9e5e6591a6b35eb203f876b9c8e2f7199a6d47454b4
01_msn_construction/run_msn_pattern.py,28606,a276433a53d3f5b5e2f4b4daa631cad37b7b08f6f8b7cb5998f0d71cb16af6c9
02_group_statistics/run_covariate_analysis.py,26856,80196ecbf200b11156a0b3aec14bb9d0cc4ba30ac772824a1ca931aa11849512
02_group_statistics/run_regional_sensitivity_analysis.py,46692,28c5d4bbdc88f1794d1d270802da18daa8bb3ba6a1937497499d571fc7e74647
02_group_statistics/run_signed_edge_sensitivity.py,15315,4900e99bc9bdffd89db0e5dcfa32887ff49b1cce1b39ab4e3c58abac283b25cd
03_clinical_associations/build_clinical_association_figure.py,8892,5c3245ee9539dfaa3ba0c0af37f448f5b37a514da69f8b1b8387fd0f4676cb96
04_ahba_pls/AHBA_standard_analysis_Bon.py,52988,c667d6ad6af598d67f55f9ef9ca609d7046101619d2aa95043a409c294ab807e
04_ahba_pls/audit_ahba_inputs.py,8954,66587ab6731179d9b021ed69f9dede561f749e17e2f1372be502033b9baff843
04_ahba_pls/run_ahba_lodo.py,12029,069a1861bde041d5dd7daf66cf57fe7c24aa9cf09105b05236188cd950a28e62
05_sampled_cortex_validation/analyze_native_celltypes.py,24340,9d87d540ab1e7db47e8440a41aaeea067216b5191dcf4aa61004a55b19ff93c5
05_sampled_cortex_validation/check_r_packages.R,1555,67ad63824061fab5df00722888aa01f20761f1ce985d0deb9d051ce4908cb843
05_sampled_cortex_validation/download_geo_counts.py,4094,81d783282bb3698cc4e420309c8b3c623d62bba0542edfec3056960aad86a388
05_sampled_cortex_validation/gse233387_hd_control/README.md,1227,068dd20aafbbbb65020d218053354490f4a7e32bb3d0d0e34fd59d4c5d096935
05_sampled_cortex_validation/gse233387_hd_control/aggregate_gse233387_full_transcriptome.py,7120,efc9044630bacde8f301ef0dd5d3d8b9f378e96c451b462e2a32ec3e2146f03a
05_sampled_cortex_validation/gse233387_hd_control/analyze_gse233387_hd_control.R,9212,5ca1c40a3fe3aeecd1c3214dc63ee9bfbea0b15cdeccb417f0ed61b6989f9d2a
05_sampled_cortex_validation/gse233387_hd_control/plot_gse233387_hd_control_effects.py,5828,c29adf01ddb7f28f5a26635ab58dcf73034aa10504128f71f92b565ce21bb575
05_sampled_cortex_validation/parse_geo_soft.py,6840,4ea93121b8fb3edb80f6e586c5a8d0a33377755b8c2dddb6287ede6137363890
05_sampled_cortex_validation/revalidate_zenodo.py,10006,435552075d9885a8d5eed7d20e38aba32953634ec4105fc322c26817f27c3ed5
05_sampled_cortex_validation/run_gse233387_marker_enrichment.py,5968,be98f6ad0e9a9f4ed1fa472a45e211c01d0a34d7616675aec83dc4ea0f0b75d8
05_sampled_cortex_validation/run_gse233408_real_regions.R,16236,0a105564d079bf1cb71e925d9b4c7441d5fa24fbda1cb63815be1fc55d284f79
06_ba4_cag/aggregate_gse233387_ba4.py,7233,ab509d1bb211fe963f7ca7f57c3b3f0a1d4bd4a1dbf663001041ecf82a405df1
06_ba4_cag/aggregate_gse233408_ba4.py,5447,3424ad683b66f41e57c58578ba2f58f19792039cc197292c8cbb53f6b2af520c
06_ba4_cag/analyze_corrected_pls1_positive_cag.py,14218,1cf7d759e3260c91a360570e4a87a692b763ad2fd707428b1576dd1c1af142f6
06_ba4_cag/analyze_gse233387_cag.py,17906,9d7e6b065770f153508ad73a251d26abbf971edfd5a778678fb877330e6d98e1
06_ba4_cag/analyze_gse233408_ba4.py,6284,ab8b9f873eb09c458f0c2bdeb689335afbd55440bfd645354cfdad199d38ce73
06_ba4_cag/make_ba4_cag_figure.py,25756,cf5a3b627d0fced7752e3816a0b0fc6b0f813b9c2568e10781bd789ea7e11077
06_ba4_cag/prepare_ba4_cag_source_data.py,6537,d449b178f77b8ae66f22d40775d3414cac37ded76c3667a9ba73f133e80d5399
06_ba4_cag/run_cag_sensitivity.py,21049,7799e934fa5beff85fa2445d5cd7074abda94a9c4de60651ea0ba335bac81a11
06_ba4_cag/verify_ba4_cag_outputs.py,6864,784341d3a6beda424e01bcfc81b2222197b5381c2a869d549990d6744a51027c
06_ba4_cag/verify_cag_sensitivity.py,2973,b1703aa16a42ef7925562028bf0bd40bf2aac1438f6e059fbc37a57d6dfe7d49
07_external_validation_atlas/audit_external_hd_inputs.py,4128,0456ada1bfca73dc6694ffb7ab007ced70da1d1b3c4ef5f92325e73a3ef7dff6
07_external_validation_atlas/build_hgnc_mapping.py,2762,0572c16c527820bbfb0d589b82581080bded41905a91e7e362b2a8cdb4d5dd87
07_external_validation_atlas/fetch_ensembl_mapping.py,3113,8ca4b27b11287afb46d85beab681f98d95d0846a6cb8225a06698f1f3a958518
07_external_validation_atlas/preprocess_external_hd.py,9821,afc000700b42f5c11005bd8c3b5c00e61d09b21e5a2f4211db19751a3a843619
07_external_validation_atlas/run_adult_cortex_atlas.py,15827,bedc4f850275658778fc0978c1b5a0e3187391c08147252ed14fe350a1c4a448
07_external_validation_atlas/run_external_hd_validation.R,14524,e3fec879a8fa9f25f2abfd87ce9ffb9cf96388dd6cc356efb96eb1b1b9fbd20f
08_regional_limitation_sensitivities/README.md,1399,e9c66d03f45bf0d93e12bc4a40defbe479c7ae3ad8559dae3a8eaa8ed4f550fc
08_regional_limitation_sensitivities/cag_bootstrap_power.py,22631,9c9818eb30ddf0d13d0e78380244560faf9dc0d330737f2cedacd35285e2634d
08_regional_limitation_sensitivities/leave_precentral_out_pls.py,23658,5cd4ef4bc2fea2d0c12c859d2803ce4247ae39cab6f783c3c39a866bfdc2358f
08_regional_limitation_sensitivities/regional_anchoring_directional_concordance_laminar.py,36792,7b1122a54e335bab17e97f7eb465b7a8bf9569278ea41fb8cf6d013d1b27199f
08_regional_limitation_sensitivities/validate_regional_sensitivity_figures.py,5599,5d68cad303278a1f1f431bc856f0f0d99d47fa1e8254e118153776012b87bf06
README.md,4899,b9afa0fb6e2dcaf51a495b65e5dfc93f7758cb4b6b15d5583ab7dda20c8e0d0f
SANITIZATION_SUMMARY.md,3571,03041145132a0003dc5af1ed82d8f20ddb4ccce493f8f500a23c8ca7f4d19361
build_manifest.py,2132,6f23523ec881d4a208561bd7e8d9e54415fe6676be01797fd18c1d5b2c734cbb
docs/ANALYSIS_SCRIPT_MAP.md,719,8f1e966ec000e6f28f9e8e2a1c5932209209013ba81c443d2430bd7071e775ce
docs/DATA_AVAILABILITY.md,682,2c10e3c81de4b3fd2a65b2cdfe931845d5258d4ac237d03e8d815237da58f9c2
docs/GITHUB_UPLOAD_CHECKLIST.md,877,c3d87fd64d753ffc2afd7296c02d5d0bf45f12d10e89e42da0bec86772ca5330
docs/LICENSE_NOTICE.md,329,ac5c8d41ae81a3d5650eacf1a903b9b77e15dbbf2dfc54fb7f31cd408cbaff26
environment/R_environment.md,202,04f6cc49a87a8c664a770a72db06d449b424a012003f219d8b43c92d2c5f5376
environment/requirements.txt,233,504d2e9d35ed5fb00eb42c5ae63ef2ba9a1dea42b976772a38c13a1426d1d02a
package_release.py,1910,a398db2175d48dc15fb10aaa5c4a07036eabcf479f4f0bc66b7e2cddbcfaffdb
private_clinical_schema.py,3187,3888c7653d87cf2b86f10a8d3e197cc355d8b8fa59a566eac9c2d32d3c1784d5
